,name,company,year,Price,kms_driven,fuel_type
0,Hyundai Santro Xing,Hyundai,2007,80000.0,45000,Petrol
1,Mahindra Jeep CL550,Mahindra,2006,425000.0,40,Diesel
2,Hyundai Grand i10,Hyundai,2014,325000.0,28000,Petrol
3,Ford EcoSport Titanium,Ford,2014,575000.0,36000,Diesel
4,Ford Figo,Ford,2012,175000.0,41000,Diesel
5,Hyundai Eon,Hyundai,2013,190000.0,25000,Petrol
6,Ford EcoSport Ambiente,Ford,2016,830000.0,24530,Diesel
7,Maruti Suzuki Alto,Maruti,2015,250000.0,60000,Petrol
8,Skoda Fabia Classic,Skoda,2010,182000.0,60000,Petrol
9,Maruti Suzuki Stingray,Maruti,2015,315000.0,30000,Petrol
10,Hyundai Elite i20,Hyundai,2014,415000.0,32000,Petrol
11,Mahindra Scorpio SLE,Mahindra,2015,320000.0,48660,Diesel
12,Audi Q7,Audi,2014,500000.0,16934,Diesel
13,Mahindra Scorpio S10,Mahindra,2016,350000.0,43000,Diesel
14,Maruti Suzuki Alto,Maruti,2014,160000.0,35550,Petrol
15,Mahindra Scorpio S10,Mahindra,2016,310000.0,39522,Diesel
16,Maruti Suzuki Alto,Maruti,2015,75000.0,39000,Petrol
17,Hyundai i20 Sportz,Hyundai,2012,100000.0,55000,Petrol
18,Maruti Suzuki Alto,Maruti,2017,190000.0,72000,Petrol
19,Maruti Suzuki Vitara,Maruti,2016,290000.0,15975,Diesel
20,Maruti Suzuki Alto,Maruti,2008,95000.0,70000,Petrol
21,Mahindra Bolero DI,Mahindra,2017,180000.0,23452,Diesel
22,Maruti Suzuki Swift,Maruti,2014,385000.0,35522,Diesel
23,Mahindra Scorpio S10,Mahindra,2015,250000.0,48508,Diesel
24,Maruti Suzuki Swift,Maruti,2017,180000.0,15487,Petrol
25,Maruti Suzuki Wagon,Maruti,2013,105000.0,39000,Petrol
26,Maruti Suzuki Wagon,Maruti,2013,105000.0,39000,Petrol
27,Toyota Innova 2.0,Toyota,2012,650000.0,82000,Diesel
28,Renault Lodgy 85,Renault,2018,689999.0,20000,Diesel
29,Skoda Yeti Ambition,Skoda,2012,448000.0,68000,Diesel
30,Maruti Suzuki Baleno,Maruti,2017,549000.0,32000,Diesel
31,Renault Duster 110,Renault,2012,501000.0,38000,Diesel
32,Renault Duster 85,Renault,2013,489999.0,27000,Diesel
33,Honda City 1.5,Honda,2011,280000.0,33000,Petrol
34,Maruti Suzuki Dzire,Maruti,2013,349999.0,46000,Diesel
35,Honda Amaze,Honda,2013,284999.0,46000,Diesel
36,Honda Amaze 1.5,Honda,2015,345000.0,36000,Diesel
37,Honda City,Honda,2015,499999.0,55000,Petrol
38,Datsun Redi GO,Datsun,2017,235000.0,16000,Petrol
39,Maruti Suzuki SX4,Maruti,2010,249999.0,36000,Petrol
40,Mahindra Scorpio S10,Mahindra,2015,395000.0,35000,Diesel
41,Maruti Suzuki Swift,Maruti,2017,220000.0,30874,Petrol
42,Honda City ZX,Honda,2017,170000.0,15000,Diesel
43,Maruti Suzuki Wagon,Maruti,2013,85000.0,29685,Petrol
44,Mahindra Scorpio SLE,Mahindra,2012,570000.0,19000,Diesel
45,Volkswagen Polo Highline,Volkswagen,2014,315000.0,60000,Petrol
46,Chevrolet Spark LS,Chevrolet,2010,110000.0,41000,Petrol
47,Renault Duster 110PS,Renault,2012,501000.0,35000,Diesel
48,Honda City,Honda,2015,448999.0,54000,Petrol
49,Skoda Fabia 1.2L,Skoda,2011,159500.0,38200,Diesel
50,Honda Amaze,Honda,2015,344999.0,22000,Petrol
51,Renault Duster,Renault,2014,449999.0,50000,Diesel
52,Mahindra Scorpio S4,Mahindra,2015,865000.0,30000,Diesel
53,Mahindra Scorpio VLX,Mahindra,2014,699000.0,50000,Diesel
54,Mahindra Quanto C8,Mahindra,2013,375000.0,20000,Diesel
55,Ford EcoSport,Ford,2017,489999.0,39000,Petrol
56,Honda Brio,Honda,2012,224999.0,30000,Petrol
57,Hyundai i20 Magna,Hyundai,2009,195000.0,32000,Petrol
58,Toyota Corolla Altis,Toyota,2010,351000.0,38000,Diesel
59,Hyundai Verna Transform,Hyundai,2008,160000.0,45000,Petrol
60,Toyota Corolla Altis,Toyota,2009,240000.0,35000,Petrol
61,Honda City 1.5,Honda,2005,90000.0,50000,Petrol
62,Skoda Fabia 1.2L,Skoda,2011,155000.0,45863,Diesel
63,BMW 3 Series,BMW,2011,600000.0,60500,Petrol
64,Maruti Suzuki A,Maruti,2011,189500.0,12500,Petrol
65,Toyota Etios GD,Toyota,2013,350000.0,60000,Diesel
66,Ford Figo Diesel,Ford,2012,210000.0,35000,Diesel
67,Maruti Suzuki Swift,Maruti,2014,390000.0,35000,Petrol
68,Chevrolet Beat LT,Chevrolet,2012,135000.0,45000,Diesel
69,Mahindra XUV500 W8,Mahindra,2013,701000.0,38000,Diesel
70,Hyundai i10 Magna,Hyundai,2014,265000.0,18000,Petrol
71,Hyundai Verna Fluidic,Hyundai,2015,525000.0,35000,Diesel
72,Maruti Suzuki Swift,Maruti,2013,372000.0,13349,Petrol
73,Maruti Suzuki Ertiga,Maruti,2016,635000.0,29000,Petrol
74,Ford EcoSport Titanium,Ford,2014,550000.0,44000,Diesel
75,Maruti Suzuki Ertiga,Maruti,2016,575000.0,29000,Petrol
76,Maruti Suzuki Ertiga,Maruti,2013,485000.0,42000,Diesel
77,Maruti Suzuki Alto,Maruti,2012,155000.0,14000,Petrol
78,Hyundai Grand i10,Hyundai,2014,345000.0,49000,Diesel
79,Honda Amaze 1.2,Honda,2014,325000.0,42000,Petrol
80,Hyundai i20 Asta,Hyundai,2012,329500.0,36200,Diesel
81,Ford Figo Diesel,Ford,2014,195000.0,50000,Diesel
82,Maruti Suzuki Eeco,Maruti,2015,251111.0,55000,Petrol
83,Maruti Suzuki Ertiga,Maruti,2014,569999.0,45000,Petrol
84,Maruti Suzuki Esteem,Maruti,2007,69999.0,51000,Petrol
85,Maruti Suzuki Ritz,Maruti,2014,299999.0,19000,Petrol
86,Maruti Suzuki Dzire,Maruti,2009,220000.0,46000,Petrol
87,Maruti Suzuki Ritz,Maruti,2013,399999.0,33000,Diesel
88,Maruti Suzuki Dzire,Maruti,2015,450000.0,104000,Diesel
89,Toyota Etios Liva,Toyota,2014,270000.0,55000,Petrol
90,Hyundai i20 Sportz,Hyundai,2011,350000.0,33333,Diesel
91,Chevrolet Spark,Chevrolet,2012,158400.0,33600,Petrol
92,Maruti Suzuki Alto,Maruti,2017,350000.0,5600,Petrol
93,Nissan Micra XV,Nissan,2011,179000.0,41000,Petrol
94,Maruti Suzuki Swift,Maruti,2007,125000.0,70000,Petrol
95,Maruti Suzuki Alto,Maruti,2018,200000.0,7500,Petrol
96,Honda Amaze 1.5,Honda,2013,299000.0,45000,Diesel
97,Maruti Suzuki Alto,Maruti,2015,220000.0,38000,Petrol
98,Chevrolet Beat,Chevrolet,2015,150000.0,30000,Petrol
99,Honda City 1.5,Honda,2010,285000.0,35000,Petrol
100,Ford EcoSport Trend,Ford,2016,830000.0,24330,Diesel
101,Hyundai i20 Asta,Hyundai,2009,210000.0,65480,Petrol
102,Maruti Suzuki Swift,Maruti,2013,340000.0,41000,Petrol
103,Tata Indica V2,Tata,2006,90000.0,20000,Petrol
104,Toyota Corolla Altis,Toyota,2010,289999.0,70000,Petrol
105,Toyota Corolla Altis,Toyota,2012,349999.0,59000,Petrol
106,Toyota Innova 2.5,Toyota,2012,849999.0,99000,Diesel
107,Volkswagen Jetta Highline,Volkswagen,2014,749999.0,46000,Diesel
108,Volkswagen Polo Comfortline,Volkswagen,2015,399999.0,2800,Petrol
109,Volkswagen Polo,Volkswagen,2014,274999.0,32000,Petrol
110,Nissan Sunny,Nissan,2012,224999.0,45000,Petrol
111,Hyundai Elite i20,Hyundai,2018,599999.0,21000,Petrol
112,Renault Kwid,Renault,2016,244999.0,11000,Petrol
113,Renault Duster,Renault,2013,399999.0,41000,Diesel
114,Renault Duster,Renault,2014,474999.0,50000,Diesel
115,Mahindra Scorpio VLX,Mahindra,2011,499999.0,66000,Diesel
116,Maruti Suzuki Alto,Maruti,2018,310000.0,3000,Petrol
117,Chevrolet Spark LT,Chevrolet,2010,85000.0,45000,Petrol
118,Datsun Redi GO,Datsun,2016,245000.0,7000,Petrol
119,Maruti Suzuki Swift,Maruti,2010,189500.0,38500,Diesel
120,Fiat Punto Emotion,Fiat,2012,169500.0,37200,Diesel
121,Maruti Suzuki Swift,Maruti,2010,159500.0,43200,Diesel
122,Toyota Etios GD,Toyota,2013,275000.0,24800,Petrol
123,Hyundai i20 Sportz,Hyundai,2014,370000.0,60000,Diesel
124,Hyundai i10 Sportz,Hyundai,2010,168000.0,45872,Petrol
125,Chevrolet Beat LT,Chevrolet,2011,150000.0,40000,Diesel
126,Chevrolet Beat LS,Chevrolet,2011,145000.0,45000,Diesel
127,Chevrolet Beat LT,Chevrolet,2012,98500.0,38000,Diesel
128,Tata Indigo CS,Tata,2011,85000.0,11400,Diesel
129,Toyota Corolla Altis,Toyota,2015,575000.0,42000,Petrol
130,Honda City 1.5,Honda,2014,549000.0,39000,Petrol
131,Maruti Suzuki Swift,Maruti,2011,209000.0,47000,Diesel
132,Hyundai Eon Era,Hyundai,2013,185000.0,27000,Petrol
133,Mahindra Scorpio S10,Mahindra,2015,900000.0,97200,Diesel
134,Mahindra XUV500,Mahindra,2014,699999.0,52000,Diesel
135,Ford Fiesta,Ford,2011,274999.0,55000,Diesel
136,Honda City,Honda,2015,599999.0,30000,Diesel
137,Maruti Suzuki Wagon,Maruti,2012,199999.0,44000,Petrol
138,Honda City,Honda,2014,544999.0,45000,Diesel
139,Hyundai i20,Hyundai,2009,199000.0,31000,Petrol
140,Hyundai Fluidic Verna,Hyundai,2015,540000.0,38000,Diesel
141,Mahindra Quanto C8,Mahindra,2013,340000.0,37000,Diesel
142,Fiat Petra ELX,Fiat,2008,75000.0,65000,Petrol
143,Hyundai Santro Xing,Hyundai,2005,49000.0,7500,Petrol
144,Maruti Suzuki Ciaz,Maruti,2016,700000.0,3350,Petrol
145,Hyundai Creta 1.6,Hyundai,2017,895000.0,32000,Petrol
146,Mahindra Scorpio SLX,Mahindra,2007,355000.0,75000,Diesel
147,Mahindra Scorpio SLE,Mahindra,2012,565000.0,62000,Diesel
148,Toyota Innova 2.5,Toyota,2006,365000.0,73000,Diesel
149,Maruti Suzuki Alto,Maruti,2011,145000.0,41000,Petrol
150,Maruti Suzuki Wagon,Maruti,2011,210000.0,35000,Petrol
151,Tata Nano Cx,Tata,2013,40000.0,2200,Petrol
152,Maruti Suzuki Alto,Maruti,2013,125000.0,39000,Petrol
153,Maruti Suzuki Wagon,Maruti,2009,135000.0,45000,Petrol
154,Maruti Suzuki Swift,Maruti,2006,135000.0,45000,Petrol
155,Tata Sumo Victa,Tata,2012,285000.0,65000,Diesel
156,Maruti Suzuki Wagon,Maruti,2010,145000.0,54870,Petrol
157,Maruti Suzuki Alto,Maruti,2010,135000.0,34580,Petrol
158,Volkswagen Passat Diesel,Volkswagen,2009,450000.0,97000,Diesel
159,Renault Scala RxL,Renault,2015,375000.0,25000,Diesel
160,Hyundai Grand i10,Hyundai,2014,365000.0,20000,Petrol
161,Hyundai i20 Active,Hyundai,2015,500000.0,18000,Petrol
162,Mahindra Xylo E4,Mahindra,2012,400000.0,35000,Diesel
163,Mahindra Jeep MM,Mahindra,2019,390000.0,60,Diesel
164,Mahindra Bolero SLE,Mahindra,2013,330000.0,80200,Diesel
165,Force Motors Force,Force,2015,580000.0,3200,Diesel
166,Maruti Suzuki SX4,Maruti,2012,265000.0,46000,Diesel
167,Mahindra Jeep CL550,Mahindra,2019,379000.0,0,Diesel
168,Maruti Suzuki Alto,Maruti,2015,219000.0,5000,Petrol
169,Mahindra Jeep CL550,Mahindra,2018,385000.0,588,Diesel
170,Toyota Etios,Toyota,2011,275000.0,36000,Diesel
171,Volkswagen Polo,Volkswagen,2015,330000.0,38000,Diesel
172,Honda City ZX,Honda,2008,110000.0,45000,Petrol
173,Maruti Suzuki Wagon,Maruti,2006,80000.0,71200,Petrol
174,Honda City VX,Honda,2016,519000.0,52000,Diesel
175,Mahindra Thar CRDe,Mahindra,2016,730000.0,29000,Diesel
176,Audi A4 1.8,Audi,2009,699000.0,47000,Petrol
177,Renault Kwid RXT,Renault,2017,340000.0,5000,Petrol
178,Tata Aria Pleasure,Tata,2014,390000.0,35000,Diesel
179,Datsun GO T,Datsun,2016,245000.0,7000,Petrol
180,Honda Jazz VX,Honda,2016,450000.0,41000,Petrol
181,Honda Amaze 1.2,Honda,2014,311000.0,33000,Petrol
182,Honda City,Honda,2012,399999.0,45000,Petrol
183,Honda City,Honda,2015,599999.0,39000,Diesel
184,Mahindra Scorpio S4,Mahindra,2015,855000.0,30000,Diesel
185,Hyundai i20 Active,Hyundai,2015,535000.0,37000,Diesel
186,Maruti Suzuki Ciaz,Maruti,2017,699000.0,14000,Petrol
187,Chevrolet Tavera Neo,Chevrolet,2013,375000.0,55000,Diesel
188,Hyundai Eon Sportz,Hyundai,2012,178000.0,30000,Petrol
189,Tata Sumo Gold,Tata,2013,300000.0,50000,Diesel
190,Maruti Suzuki Wagon,Maruti,2003,90000.0,45000,Petrol
191,Maruti Suzuki Esteem,Maruti,2006,95000.0,45000,Petrol
192,Maruti Suzuki Eeco,Maruti,2015,255000.0,9300,Petrol
193,Chevrolet Enjoy 1.4,Chevrolet,2013,245000.0,55000,Diesel
194,Maruti Suzuki Wagon,Maruti,2015,289999.0,22000,Petrol
195,Nissan Terrano XL,Nissan,2015,499999.0,60000,Diesel
196,Renault Duster 85,Renault,2014,489999.0,59000,Diesel
197,Renault Duster 85,Renault,2015,549999.0,19000,Diesel
198,Maruti Suzuki Dzire,Maruti,2013,380000.0,30000,Petrol
199,Renault Kwid RXT,Renault,2018,325000.0,15000,Petrol
200,Maruti Suzuki Maruti,Maruti,2003,57000.0,56758,Petrol
201,Renault Kwid 1.0,Renault,2018,349999.0,10000,Petrol
202,Renault Scala RxL,Renault,2014,349999.0,49000,Diesel
203,Hyundai Grand i10,Hyundai,2014,410000.0,41000,Petrol
204,Maruti Suzuki Swift,Maruti,2011,225000.0,45000,Petrol
205,Chevrolet Beat LS,Chevrolet,2010,120000.0,43000,Petrol
206,Chevrolet Beat LS,Chevrolet,2010,80000.0,56000,Petrol
207,Chevrolet Beat LS,Chevrolet,2015,220000.0,32700,Petrol
208,Ford EcoSport Titanium,Ford,2016,599000.0,30000,Diesel
209,Hyundai Accent GLX,Hyundai,2006,80000.0,56000,Petrol
210,Mahindra TUV300 T4,Mahindra,2016,675000.0,9000,Diesel
211,Tata Indica V2,Tata,2008,150000.0,11000,Petrol
212,Tata Indigo CS,Tata,2009,72500.0,46000,Diesel
213,Maruti Suzuki Swift,Maruti,2019,610000.0,73,Petrol
214,Honda Accord,Honda,2009,175000.0,58559,Petrol
215,Ford EcoSport Titanium,Ford,2014,520000.0,57000,Diesel
216,Maruti Suzuki Ertiga,Maruti,2015,524999.0,50000,Diesel
217,Honda Amaze,Honda,2014,299999.0,37000,Petrol
218,Maruti Suzuki Dzire,Maruti,2012,299999.0,40000,Petrol
219,Honda City,Honda,2011,284999.0,55000,Petrol
220,Maruti Suzuki Dzire,Maruti,2014,424999.0,55000,Diesel
221,Honda City,Honda,2015,644999.0,39000,Petrol
222,Honda Mobilio,Honda,2014,399999.0,44000,Petrol
223,Toyota Corolla Altis,Toyota,2009,199999.0,65000,Petrol
224,Honda City,Honda,2014,584999.0,39000,Petrol
225,Skoda Laura,Skoda,2012,349999.0,44000,Diesel
226,Renault Duster,Renault,2015,449999.0,49000,Diesel
227,Maruti Suzuki Ertiga,Maruti,2018,799999.0,9000,Diesel
228,Maruti Suzuki Dzire,Maruti,2015,444999.0,45000,Diesel
229,Mahindra XUV500,Mahindra,2014,649999.0,47000,Diesel
230,Hyundai Verna Fluidic,Hyundai,2012,444999.0,40000,Diesel
231,Maruti Suzuki Vitara,Maruti,2016,689999.0,29000,Diesel
232,Maruti Suzuki Wagon,Maruti,2016,344999.0,15000,Petrol
233,Mahindra Scorpio,Mahindra,2015,944999.0,45000,Diesel
234,Honda Amaze,Honda,2014,274999.0,35000,Petrol
235,Mahindra XUV500,Mahindra,2013,689999.0,80000,Diesel
236,Mahindra Scorpio,Mahindra,2013,574999.0,68000,Diesel
237,Skoda Laura,Skoda,2013,374999.0,50000,Diesel
238,Volkswagen Polo,Volkswagen,2010,199999.0,60000,Diesel
239,Hyundai Elite i20,Hyundai,2016,549999.0,9000,Petrol
240,Tata Manza Aura,Tata,2012,130000.0,72000,Diesel
241,Chevrolet Sail UVA,Chevrolet,2013,210000.0,60000,Petrol
242,Hyundai Verna Fluidic,Hyundai,2013,401000.0,45000,Diesel
243,Hyundai Elantra SX,Hyundai,2013,600000.0,20000,Petrol
244,Mahindra Scorpio VLX,Mahindra,2013,610000.0,35000,Diesel
245,Mahindra KUV100 K8,Mahindra,2016,400000.0,20000,Diesel
246,Hyundai Grand i10,Hyundai,2017,524999.0,6821,Petrol
247,Hyundai i20,Hyundai,2014,449999.0,23000,Petrol
248,Hyundai Eon,Hyundai,2014,174999.0,14000,Petrol
249,Hyundai i10,Hyundai,2012,244999.0,38000,Petrol
250,Hyundai i20 Active,Hyundai,2015,574999.0,35000,Diesel
251,Datsun Redi GO,Datsun,2017,244999.0,22000,Petrol
252,Toyota Etios Liva,Toyota,2011,239999.0,41000,Petrol
253,Hyundai Accent,Hyundai,2010,99999.0,45000,Petrol
254,Hyundai Verna,Hyundai,2014,489999.0,44000,Diesel
255,Maruti Suzuki Swift,Maruti,2013,324999.0,45000,Diesel
256,Hyundai i10 Sportz,Hyundai,2012,230000.0,34000,Petrol
257,Mahindra Bolero Power,Mahindra,2018,699000.0,1800,Diesel
258,Chevrolet Spark LT,Chevrolet,2009,110000.0,44000,Petrol
259,Tata Indigo eCS,Tata,2014,250000.0,40000,Diesel
260,Skoda Rapid Elegance,Skoda,2013,340000.0,48000,Diesel
261,Tata Vista Quadrajet,Tata,2011,120000.0,90000,Diesel
262,Maruti Suzuki Alto,Maruti,2015,265000.0,12000,Petrol
263,Maruti Suzuki Zen,Maruti,2003,85000.0,69900,Petrol
264,Hyundai i10 Magna,Hyundai,2011,175000.0,45000,Petrol
265,Honda City ZX,Honda,2008,149000.0,42000,Petrol
266,Mahindra Jeep MM,Mahindra,2006,425000.0,122,Diesel
267,Chevrolet Beat Diesel,Chevrolet,2017,150000.0,62000,Diesel
268,Honda City 1.5,Honda,2010,225000.0,70000,Petrol
269,Hyundai Verna 1.4,Hyundai,2014,375000.0,36000,Petrol
270,Toyota Innova 2.5,Toyota,2012,770000.0,0,Diesel
271,Maruti Suzuki Swift,Maruti,2014,335000.0,55000,Diesel
272,Hyundai Elite i20,Hyundai,2015,450000.0,20000,Diesel
273,Maruti Suzuki Swift,Maruti,2012,225000.0,40000,Petrol
274,Maruti Suzuki Versa,Maruti,2004,80000.0,50000,Petrol
275,Tata Indigo LX,Tata,2016,130000.0,104000,Diesel
276,Volkswagen Vento Konekt,Volkswagen,2011,245000.0,65000,Diesel
277,Maruti Suzuki Ertiga,Maruti,2013,450000.0,90000,Diesel
278,Hyundai Santro Xing,Hyundai,2006,75000.0,46000,Petrol
279,Hyundai Sonata Transform,Hyundai,2017,190000.0,36469,Diesel
280,Hyundai Elite i20,Hyundai,2018,600000.0,7800,Petrol
281,Maruti Suzuki Alto,Maruti,2017,240000.0,60000,Petrol
282,Maruti Suzuki Alto,Maruti,2011,155000.0,32000,Petrol
283,Honda Jazz S,Honda,2009,169999.0,24695,Petrol
284,Hyundai Grand i10,Hyundai,2017,450000.0,15141,Petrol
285,Mahindra Scorpio W,Mahindra,2012,165000.0,65000,Diesel
286,Maruti Suzuki Alto,Maruti,2014,270000.0,22000,Petrol
287,Hyundai Grand i10,Hyundai,2016,280000.0,59910,Diesel
288,Mahindra XUV500 W8,Mahindra,2012,560000.0,100000,Diesel
289,Hyundai Creta 1.6,Hyundai,2016,950000.0,25000,Petrol
290,Hyundai i20 Magna,Hyundai,2013,310000.0,35000,Petrol
291,Renault Duster 85,Renault,2015,715000.0,65000,Diesel
292,Hyundai Grand i10,Hyundai,2014,340000.0,35000,Petrol
293,Honda Brio V,Honda,2012,235000.0,33000,Petrol
294,Mahindra TUV300 T4,Mahindra,2017,610000.0,68000,Diesel
295,Chevrolet Spark LS,Chevrolet,2010,95000.0,23000,Petrol
296,Maruti Suzuki Alto,Maruti,2015,230000.0,5000,Petrol
297,Chevrolet Beat LS,Chevrolet,2016,210000.0,22000,Diesel
298,Ford EcoSport Trend,Ford,2013,495000.0,38000,Diesel
299,Tata Indigo LS,Tata,2016,125000.0,70000,Diesel
300,Hyundai i20 Magna,Hyundai,2010,195000.0,36000,Petrol
301,Volkswagen Vento Highline,Volkswagen,2015,550000.0,34000,Diesel
302,Renault Kwid RXT,Renault,2015,270000.0,43000,Petrol
303,Ford EcoSport Titanium,Ford,2014,500000.0,40000,Diesel
304,Hyundai Verna 1.6,Hyundai,2017,800000.0,12000,Petrol
305,Skoda Superb 1.8,Skoda,2011,530000.0,68000,Petrol
306,Mahindra Bolero DI,Mahindra,2012,220000.0,59466,Diesel
307,Ford Figo Duratorq,Ford,2012,250000.0,99000,Diesel
308,Maruti Suzuki Wagon,Maruti,2018,395000.0,25500,Petrol
309,Mahindra Logan Diesel,Mahindra,2009,130000.0,66000,Petrol
310,Tata Nano GenX,Tata,2010,32000.0,44005,Petrol
311,Mahindra TUV300 T4,Mahindra,2016,540000.0,35000,Diesel
312,Hyundai Elite i20,Hyundai,2015,405000.0,28000,Petrol
313,Hyundai Elite i20,Hyundai,2015,400000.0,30000,Petrol
314,Honda City SV,Honda,2017,760000.0,4000,Petrol
315,Maruti Suzuki Baleno,Maruti,2016,500000.0,28000,Petrol
316,Ford Figo Petrol,Ford,2011,175000.0,75000,Petrol
317,Honda City,Honda,2017,750000.0,3000,Petrol
318,Hyundai Elite i20,Hyundai,2015,419000.0,20000,Petrol
319,Maruti Suzuki Versa,Maruti,2004,90000.0,50000,Petrol
320,Hyundai Eon Era,Hyundai,2018,140000.0,2110,Petrol
321,Hyundai i10 Magna,Hyundai,2008,275000.0,100200,Petrol
322,Toyota Corolla H2,Toyota,2003,150000.0,100000,Petrol
323,Maruti Suzuki Swift,Maruti,2011,230000.0,65,Petrol
324,Tata Indigo CS,Tata,2015,123000.0,100000,Diesel
325,Hyundai Accent Executive,Hyundai,2009,165000.0,48000,Petrol
326,Maruti Suzuki Baleno,Maruti,2016,498000.0,22000,Petrol
327,Tata Zest XE,Tata,2018,480000.0,103553,Diesel
328,Maruti Suzuki Dzire,Maruti,2017,488000.0,80000,Diesel
329,Tata Sumo Gold,Tata,2014,250000.0,99000,Diesel
330,Toyota Corolla Altis,Toyota,2010,220000.0,58000,Petrol
331,Maruti Suzuki Eeco,Maruti,2013,290000.0,70000,LPG
332,Mahindra XUV500 W6,Mahindra,2013,548900.0,49800,Diesel
333,Tata Tigor Revotron,Tata,2019,650000.0,100,Diesel
334,Maruti Suzuki Ertiga,Maruti,2015,550000.0,75000,Petrol
335,Honda Mobilio S,Honda,2014,399000.0,44000,Diesel
336,Maruti Suzuki Ertiga,Maruti,2016,730000.0,55000,Diesel
337,Maruti Suzuki Vitara,Maruti,2017,725000.0,36000,Diesel
338,Hyundai Verna 1.6,Hyundai,2016,195000.0,56000,Diesel
339,Maruti Suzuki Swift,Maruti,2007,130000.0,62000,Petrol
340,Maruti Suzuki Omni,Maruti,2014,190000.0,6020,Petrol
341,Honda Amaze,Honda,2013,250000.0,55700,Diesel
342,Tata Indica,Tata,2005,80000.0,42000,Petrol
343,Hyundai Santro Xing,Hyundai,2003,120000.0,50000,Petrol
344,Maruti Suzuki Zen,Maruti,2010,149000.0,35000,Petrol
345,Maruti Suzuki Wagon,Maruti,2014,250000.0,18500,Petrol
346,Maruti Suzuki Wagon,Maruti,2007,120000.0,7000,Petrol
347,Honda Brio VX,Honda,2017,450000.0,11000,Petrol
348,Maruti Suzuki Zen,Maruti,2003,99999.0,53000,Petrol
349,Maruti Suzuki Zen,Maruti,2008,135000.0,23000,Petrol
350,Maruti Suzuki Wagon,Maruti,2016,225000.0,35500,Diesel
351,Maruti Suzuki Alto,Maruti,2010,99000.0,22134,Petrol
352,Renault Kwid RXT,Renault,2019,370000.0,1000,Petrol
353,Tata Nano Lx,Tata,2010,52000.0,9000,Petrol
354,Hyundai Eon Magna,Hyundai,2014,190000.0,35000,Petrol
355,Honda City 1.5,Honda,2014,499000.0,22000,Petrol
356,Maruti Suzuki Ritz,Maruti,2010,149000.0,40000,Petrol
357,Hyundai Grand i10,Hyundai,2017,400000.0,20000,Petrol
358,Hyundai Eon D,Hyundai,2016,120000.0,87000,Petrol
359,Maruti Suzuki Swift,Maruti,2015,250000.0,55000,Petrol
360,Maruti Suzuki Wagon,Maruti,2017,375000.0,23000,Petrol
361,Honda Amaze 1.2,Honda,2014,381000.0,6000,Petrol
362,Maruti Suzuki Estilo,Maruti,2013,180000.0,65000,Petrol
363,Maruti Suzuki Vitara,Maruti,2016,580000.0,25000,Diesel
364,Maruti Suzuki Eeco,Maruti,2015,278000.0,39000,Petrol
365,Mahindra Scorpio Vlx,Mahindra,2013,690000.0,75000,Diesel
366,Maruti Suzuki Ertiga,Maruti,2012,480000.0,51000,Diesel
367,Mitsubishi Lancer 1.8,Mitsubishi,2006,85000.0,50000,Petrol
368,Maruti Suzuki Alto,Maruti,2015,90000.0,55800,Petrol
369,Hyundai Grand i10,Hyundai,2015,340000.0,53000,Petrol
370,Hyundai Eon D,Hyundai,2018,260000.0,25000,Petrol
371,Ford Fiesta SXi,Ford,2009,250000.0,56400,Petrol
372,Maruti Suzuki Ritz,Maruti,2010,180000.0,72160,Diesel
373,Hyundai Verna Fluidic,Hyundai,2012,350000.0,10000,Diesel
374,Maruti Suzuki Wagon,Maruti,2006,90001.0,48000,Petrol
375,Maruti Suzuki Estilo,Maruti,2007,115000.0,36000,Petrol
376,Maruti Suzuki Wagon,Maruti,2009,159000.0,27000,Petrol
377,Maruti Suzuki Wagon,Maruti,2009,160000.0,35000,Petrol
378,Maruti Suzuki Alto,Maruti,2010,110000.0,55000,Petrol
379,Maruti Suzuki Baleno,Maruti,2016,425000.0,40000,Petrol
380,Hyundai Verna 1.6,Hyundai,2019,900000.0,2000,Petrol
381,Maruti Suzuki Swift,Maruti,2009,150000.0,45000,Petrol
382,Hyundai Getz Prime,Hyundai,2009,110000.0,20000,Petrol
383,Hyundai Getz Prime,Hyundai,2009,115000.0,20000,Petrol
384,Chevrolet Beat PS,Chevrolet,2012,215000.0,65422,Diesel
385,Ford EcoSport Trend,Ford,2017,580000.0,10000,Petrol
386,Maruti Suzuki Dzire,Maruti,2013,380000.0,35000,Petrol
387,Hyundai i20 Asta,Hyundai,2010,300000.0,10750,Petrol
388,Honda City 1.5,Honda,2009,269000.0,55000,Petrol
389,Tata Nano,Tata,2013,60000.0,6800,Petrol
390,Chevrolet Cruze LTZ,Chevrolet,2014,400000.0,41000,Diesel
391,Hyundai Verna Fluidic,Hyundai,2015,430000.0,73000,Diesel
392,Maruti Suzuki Swift,Maruti,2011,140000.0,65000,Diesel
393,Maruti Suzuki Alto,Maruti,2014,199000.0,37000,Petrol
394,Hyundai Accent GLE,Hyundai,2006,90000.0,55000,Petrol
395,Maruti Suzuki Alto,Maruti,2019,265000.0,9800,Petrol
396,Chevrolet Spark 1.0,Chevrolet,2011,100000.0,27000,Petrol
397,Hyundai i10,Hyundai,2009,215000.0,27000,Petrol
398,Toyota Etios Liva,Toyota,2012,380000.0,20000,Diesel
399,Renault Duster 85PS,Renault,2013,401919.0,57923,Diesel
400,Chevrolet Enjoy,Chevrolet,2014,490000.0,30201,Diesel
401,Maruti Suzuki Alto,Maruti,2017,280000.0,6200,Petrol
402,BMW 5 Series,BMW,2009,650000.0,37518,Petrol
403,Toyota Etios Liva,Toyota,2014,160000.0,24652,Petrol
404,Mahindra Jeep MM,Mahindra,2004,424000.0,383,Diesel
405,Chevrolet Beat LS,Chevrolet,2016,225000.0,95000,Diesel
406,Chevrolet Cruze LTZ,Chevrolet,2011,350000.0,35000,Diesel
407,Jeep Wrangler Unlimited,Jeep,2015,950000.0,3528,Diesel
408,Maruti Suzuki Ertiga,Maruti,2013,485000.0,52500,Diesel
409,Hyundai Verna VGT,Hyundai,2010,205000.0,47900,Diesel
410,Maruti Suzuki Omni,Maruti,2012,160000.0,14000,Petrol
411,Maruti Suzuki Celerio,Maruti,2018,310000.0,37000,Petrol
412,Tata Zest Quadrajet,Tata,2017,180000.0,90000,Diesel
413,Mahindra XUV500 W6,Mahindra,2013,549900.0,52800,Diesel
414,Tata Indigo CS,Tata,2016,150000.0,104000,Diesel
415,Hyundai i10 Era,Hyundai,2011,175000.0,30000,Petrol
416,Tata Indigo LX,Tata,2016,230000.0,104000,Diesel
417,Tata Indigo eCS,Tata,2016,230000.0,104000,Diesel
418,Tata Indigo Marina,Tata,2004,180000.0,70000,Diesel
419,Hyundai Xcent SX,Hyundai,2015,400000.0,43000,Diesel
420,Hyundai Eon Magna,Hyundai,2013,185000.0,23000,Petrol
421,Renault Duster 85,Renault,2015,385000.0,51000,Diesel
422,Maruti Suzuki Alto,Maruti,2009,90000.0,62000,Petrol
423,Tata Nano LX,Tata,2010,32000.0,48008,Petrol
424,Renault Duster 110,Renault,2013,435000.0,39000,Diesel
425,Maruti Suzuki Wagon,Maruti,2010,225000.0,40000,Petrol
426,Maruti Suzuki Swift,Maruti,2006,189700.0,48247,Petrol
427,Maruti Suzuki Ertiga,Maruti,2012,389700.0,39000,Diesel
428,Maruti Suzuki Swift,Maruti,2014,365000.0,23000,Petrol
429,Maruti Suzuki Alto,Maruti,2017,360000.0,9400,Petrol
430,Hyundai i20 Magna,Hyundai,2010,210000.0,50000,Petrol
431,Hyundai i10 Magna,Hyundai,2009,170000.0,75000,Petrol
432,Tata Zest XE,Tata,2017,380000.0,70000,Diesel
433,Mahindra Xylo E8,Mahindra,2009,295000.0,64000,Diesel
434,Toyota Corolla Altis,Toyota,2010,185000.0,55000,Petrol
435,Renault Kwid 1.0,Renault,2018,290000.0,2137,Petrol
436,Tata Venture EX,Tata,2013,100000.0,30000,Diesel
437,Maruti Suzuki Swift,Maruti,2014,315000.0,44000,Petrol
438,Skoda Octavia Classic,Skoda,2006,114990.0,65000,Diesel
439,Chevrolet Beat Diesel,Chevrolet,2011,125000.0,56000,Diesel
440,Tata Sumo Gold,Tata,2012,210000.0,75000,Diesel
441,Hyundai Verna 1.6,Hyundai,2018,855000.0,42000,Diesel
442,Mahindra Scorpio 2.6,Mahindra,2007,260000.0,56000,Diesel
443,Maruti Suzuki Swift,Maruti,2011,255000.0,64000,Petrol
444,Mahindra Scorpio SLX,Mahindra,2008,300000.0,70000,Diesel
445,Hyundai Grand i10,Hyundai,2014,340000.0,25000,Petrol
446,Hyundai Elite i20,Hyundai,2017,550000.0,15000,Petrol
447,Ford Ikon 1.6,Ford,2003,60000.0,50000,Petrol
448,Nissan Sunny XL,Nissan,2011,230000.0,52000,Petrol
449,Chevrolet Beat LT,Chevrolet,2012,130000.0,90001,Diesel
450,Maruti Suzuki Alto,Maruti,2017,270000.0,21000,Petrol
451,Maruti Suzuki Swift,Maruti,2012,280000.0,48006,Diesel
452,Maruti Suzuki Swift,Maruti,2012,280000.0,48006,Diesel
453,Toyota Innova 2.0,Toyota,2012,600000.0,80000,Diesel
454,Maruti Suzuki Swift,Maruti,2010,190000.0,74000,Diesel
455,Hyundai Elite i20,Hyundai,2015,500000.0,22000,Petrol
456,Volkswagen Polo Trendline,Volkswagen,2015,350000.0,25000,Diesel
457,Toyota Etios Liva,Toyota,2012,350000.0,85000,Diesel
458,Mahindra TUV300 T4,Mahindra,2016,540000.0,29500,Diesel
459,Hyundai Elite i20,Hyundai,2015,470000.0,30000,Petrol
460,Hyundai Santro Xing,Hyundai,2014,179000.0,57000,Petrol
461,Maruti Suzuki Zen,Maruti,2003,48000.0,60000,Petrol
462,Maruti Suzuki Ciaz,Maruti,2016,650000.0,50000,Petrol
463,Hyundai Eon Era,Hyundai,2013,190000.0,39700,Petrol
464,Hyundai Elantra 1.8,Hyundai,2012,500000.0,65000,Petrol
465,Maruti Suzuki Swift,Maruti,2010,270000.0,67000,Diesel
466,Maruti Suzuki Zen,Maruti,2008,125000.0,46000,Petrol
467,Hyundai Eon Era,Hyundai,2012,188000.0,38000,Petrol
468,Hyundai Grand i10,Hyundai,2016,380000.0,27000,Petrol
469,Hyundai Verna Fluidic,Hyundai,2011,365000.0,43000,Diesel
470,Ford EcoSport Trend,Ford,2014,465000.0,47000,Petrol
471,Hyundai i20 Magna,Hyundai,2011,240000.0,42000,Petrol
472,Chevrolet Beat Diesel,Chevrolet,2016,179999.0,19336,Diesel
473,Tata Indica eV2,Tata,2015,140000.0,60105,Diesel
474,Maruti Suzuki Swift,Maruti,2015,475000.0,22000,Petrol
475,Maruti Suzuki S,Maruti,2016,615000.0,21000,Diesel
476,Maruti Suzuki Ertiga,Maruti,2013,475000.0,48000,Diesel
477,Maruti Suzuki Alto,Maruti,2016,270000.0,38000,Petrol
478,Honda City SV,Honda,2014,475000.0,34000,Diesel
479,Volkswagen Vento Comfortline,Volkswagen,2011,240000.0,45933,Petrol
480,Honda City 1.5,Honda,2005,120000.0,68000,Petrol
481,Mahindra KUV100,Mahindra,2017,360000.0,35000,Diesel
482,Tata Zest XE,Tata,2018,450000.0,102563,Diesel
483,Mahindra XUV500 W8,Mahindra,2015,900000.0,28600,Diesel
484,Maruti Suzuki Swift,Maruti,2017,650000.0,41800,Diesel
485,Maruti Suzuki Swift,Maruti,2009,210000.0,59000,Petrol
486,Mahindra Scorpio 2.6,Mahindra,2004,175000.0,58000,Diesel
487,Maruti Suzuki Omni,Maruti,2009,85000.0,45000,Petrol
488,Renault Duster,Renault,2014,800000.0,7400,Diesel
489,Volkswagen Jetta Comfortline,Volkswagen,2009,450000.0,54500,Diesel
490,Toyota Corolla Altis,Toyota,2014,790000.0,29000,Petrol
491,Chevrolet Beat LT,Chevrolet,2012,135000.0,36000,Petrol
492,Datsun Redi GO,Datsun,2018,299999.0,7000,Petrol
493,Mahindra Scorpio SLX,Mahindra,2004,175000.0,60000,Diesel
494,Volkswagen Vento Comfortline,Volkswagen,2011,200000.0,95000,Diesel
495,Tata Indigo CS,Tata,2017,270000.0,50000,Diesel
496,Ford Figo Petrol,Ford,2019,525000.0,0,Petrol
497,Honda City ZX,Honda,2006,180000.0,50000,Petrol
498,Maruti Suzuki Wagon,Maruti,2008,140000.0,68000,Petrol
499,Ford EcoSport Trend,Ford,2014,400000.0,16000,Petrol
500,Maruti Suzuki Swift,Maruti,2016,499000.0,51000,Diesel
501,Maruti Suzuki Omni,Maruti,2009,85000.0,56000,Petrol
502,Maruti Suzuki Zen,Maruti,2004,70000.0,100000,Petrol
503,Renault Duster RxL,Renault,2015,550000.0,36000,Petrol
504,Maruti Suzuki Swift,Maruti,2014,370000.0,11523,Petrol
505,Maruti Suzuki Baleno,Maruti,2018,690000.0,1000,Petrol
506,Honda WR V,Honda,2009,250000.0,60000,Petrol
507,Tata Indigo CS,Tata,2016,110000.0,85000,Diesel
508,Renault Duster 110,Renault,2013,490000.0,38600,Diesel
509,Mahindra Scorpio LX,Mahindra,2009,320000.0,95500,Diesel
510,Maruti Suzuki Zen,Maruti,2004,68000.0,56000,Petrol
511,Maruti Suzuki Wagon,Maruti,2014,130000.0,37458,Petrol
512,Maruti Suzuki SX4,Maruti,2016,970000.0,85960,Diesel
513,Hyundai Eon D,Hyundai,2018,280000.0,35000,Petrol
514,Maruti Suzuki Zen,Maruti,2009,125000.0,0,Petrol
515,Mahindra Scorpio SLX,Mahindra,2008,285000.0,80000,Diesel
516,Hyundai Santro AE,Hyundai,2011,165000.0,45000,Petrol
517,Maruti Suzuki Swift,Maruti,2009,250000.0,51000,Diesel
518,Mahindra Xylo D2,Mahindra,2011,390000.0,48000,Diesel
519,Hyundai Santro,Hyundai,2003,60000.0,51000,Petrol
520,Chevrolet Beat LT,Chevrolet,2015,215000.0,90000,Diesel
521,Maruti Suzuki Swift,Maruti,2015,475000.0,43000,Diesel
522,Mahindra XUV500 W8,Mahindra,2015,899000.0,53000,Diesel
523,Maruti Suzuki Alto,Maruti,2013,240000.0,20000,Petrol
524,Hyundai Getz GLE,Hyundai,2007,99000.0,55000,Petrol
525,Hyundai Santro Xing,Hyundai,2007,115000.0,46000,Petrol
526,Hyundai Santro Xing,Hyundai,2009,88000.0,43200,Petrol
527,Mahindra Xylo D2,Mahindra,2011,390000.0,56000,Diesel
528,Hyundai Santro Xing,Hyundai,2007,135000.0,42000,Petrol
529,Tata Indica V2,Tata,2009,90000.0,30600,Diesel
530,Hyundai i10 Sportz,Hyundai,2011,220000.0,38000,Petrol
531,Hyundai Grand i10,Hyundai,2017,424999.0,2550,Petrol
532,Hyundai Santro Xing,Hyundai,2007,135000.0,47000,Petrol
533,Honda City 1.5,Honda,2005,95000.0,41000,Petrol
534,Nissan Micra XL,Nissan,2017,430000.0,62500,Diesel
535,Honda City 1.5,Honda,2005,115000.0,68000,Petrol
536,Maruti Suzuki Alto,Maruti,2015,215000.0,50000,Petrol
537,Maruti Suzuki Wagon,Maruti,2004,53000.0,69000,Petrol
538,Maruti Suzuki Ertiga,Maruti,2012,500000.0,48000,Diesel
539,Tata Indica eV2,Tata,2012,85000.0,55000,Diesel
540,Maruti Suzuki Omni,Maruti,2013,165000.0,25000,Petrol
541,Hyundai Eon Era,Hyundai,2014,200000.0,28400,Petrol
542,Hyundai Eon,Hyundai,2014,200000.0,28000,Petrol
543,Maruti Suzuki Swift,Maruti,2015,425000.0,42000,Diesel
544,Hyundai Verna 1.6,Hyundai,2012,600000.0,29000,Diesel
545,Chevrolet Tavera LS,Chevrolet,2005,130000.0,68485,Diesel
546,Tata Tiago Revotron,Tata,2018,430000.0,3500,Petrol
547,Tata Tiago Revotorq,Tata,2019,568500.0,0,Petrol
548,Maruti Suzuki Zen,Maruti,2006,71000.0,32000,Petrol
549,Mahindra KUV100 K8,Mahindra,2018,560000.0,8000,Diesel
550,Ford EcoSport Titanium,Ford,2014,590000.0,34000,Diesel
551,Ford Fusion 1.4,Ford,2007,125000.0,85455,Diesel
552,Hyundai Santro Xing,Hyundai,2007,135000.0,46000,Petrol
553,Fiat Linea Emotion,Fiat,2009,120000.0,64000,Petrol
554,Ford Ikon 1.3,Ford,2008,95000.0,46000,Petrol
555,Maruti Suzuki Omni,Maruti,2017,240000.0,8000,Petrol
556,Tata Indica V2,Tata,2012,115000.0,64000,Diesel
557,Mahindra Scorpio S4,Mahindra,2015,795000.0,63000,Diesel
558,Hyundai Santro Xing,Hyundai,2007,55000.0,65000,Petrol
559,Mahindra Xylo D2,Mahindra,2009,300000.0,62000,Diesel
560,Hyundai Grand i10,Hyundai,2014,320000.0,41000,Petrol
561,Maruti Suzuki Alto,Maruti,2015,265000.0,14000,Petrol
562,Toyota Corolla,Toyota,2006,160000.0,40000,Petrol
563,Hyundai Eon Magna,Hyundai,2017,300000.0,1600,Petrol
564,Tata Sumo Grande,Tata,2010,130000.0,90000,Diesel
565,Maruti Suzuki Swift,Maruti,2011,250000.0,58000,Diesel
566,Volkswagen Polo Highline1.2L,Volkswagen,2013,380000.0,27000,Petrol
567,Maruti Suzuki Alto,Maruti,2003,42000.0,60000,Petrol
568,Tata Tiago Revotron,Tata,2017,400000.0,31000,Petrol
569,Maruti Suzuki Swift,Maruti,2009,120000.0,90000,Diesel
570,Maruti Suzuki Swift,Maruti,2009,120000.0,90000,Diesel
571,Chevrolet Beat LS,Chevrolet,2014,189000.0,31000,Diesel
572,Mahindra Xylo E8,Mahindra,2011,365000.0,43000,Diesel
573,Hyundai Eon D,Hyundai,2013,170000.0,20000,Petrol
574,Tata Sumo Gold,Tata,2013,215000.0,100000,Petrol
575,Tata Nano,Tata,2013,60000.0,7000,Petrol
576,Hyundai Elite i20,Hyundai,2017,599999.0,31000,Petrol
577,Hyundai i10 Magna,Hyundai,2009,400000.0,33000,Petrol
578,Hyundai Creta,Hyundai,2016,900000.0,60000,Diesel
579,Volkswagen Polo,Volkswagen,2013,299999.0,48000,Diesel
580,Maruti Suzuki Dzire,Maruti,2014,374999.0,33000,Petrol
581,Tata Bolt XM,Tata,2015,600000.0,15000,Petrol
582,Maruti Suzuki Alto,Maruti,2005,70000.0,47000,Petrol
583,Maruti Suzuki Alto,Maruti,2005,100000.0,40000,Petrol
584,Maruti Suzuki Ritz,Maruti,2010,150000.0,38000,Diesel
585,Maruti Suzuki Alto,Maruti,2017,225000.0,12500,Petrol
586,Maruti Suzuki Dzire,Maruti,2009,210000.0,42000,Petrol
587,Hyundai i20 Asta,Hyundai,2014,425000.0,31000,Petrol
588,Maruti Suzuki Swift,Maruti,2008,162000.0,60000,Diesel
589,Tata Indica V2,Tata,2005,60000.0,80000,Diesel
590,Mahindra Scorpio VLX,Mahindra,2014,650000.0,77000,Diesel
591,Toyota Innova 2.5,Toyota,2012,750000.0,75000,Diesel
592,Mahindra Xylo E8,Mahindra,2010,375000.0,40000,Diesel
593,Hyundai i20 Magna,Hyundai,2011,230000.0,47000,Petrol
594,Mahindra KUV100,Mahindra,2016,380000.0,26500,Petrol
595,Mahindra KUV100 K8,Mahindra,2019,560000.0,2875,Petrol
596,Datsun Go Plus,Datsun,2016,285000.0,13900,Petrol
597,Tata Indica V2,Tata,2005,39999.0,80000,Diesel
598,Hyundai Santro Xing,Hyundai,2006,85000.0,60000,Petrol
599,Maruti Suzuki Wagon,Maruti,2016,395000.0,20000,Petrol
600,Maruti Suzuki Swift,Maruti,2008,175000.0,58000,Diesel
601,Maruti Suzuki Alto,Maruti,2019,400000.0,1500,Petrol
602,Toyota Innova 2.5,Toyota,2011,750000.0,75000,Diesel
603,Maruti Suzuki Alto,Maruti,2016,250000.0,2450,Petrol
604,Maruti Suzuki Alto,Maruti,2019,425000.0,1625,Petrol
605,Volkswagen Polo Highline1.2L,Volkswagen,2017,525000.0,45000,Petrol
606,Mahindra Logan,Mahindra,2009,130000.0,65000,Diesel
607,Mahindra Scorpio,Mahindra,2011,475000.0,60123,Diesel
608,Chevrolet Sail 1.2,Chevrolet,2013,300000.0,28000,Petrol
609,Hyundai Santro AE,Hyundai,2003,60000.0,70000,Petrol
610,Maruti Suzuki Wagon,Maruti,2006,100000.0,7000,Petrol
611,Hyundai Eon,Hyundai,2018,260000.0,25000,Petrol
612,Tata Manza,Tata,2015,100000.0,100000,Diesel
613,Toyota Etios G,Toyota,2013,265000.0,42000,Petrol
614,Toyota Qualis,Toyota,2003,180000.0,100000,Diesel
615,Tata Indica eV2,Tata,2016,50500.0,91200,Diesel
616,Honda City 1.5,Honda,2009,270000.0,55000,Petrol
617,Mahindra Quanto C4,Mahindra,2013,325000.0,63000,Diesel
618,Tata Indigo eCS,Tata,2016,160000.0,104000,Diesel
619,Hyundai Elite i20,Hyundai,2011,290000.0,40000,Petrol
620,Hyundai i20 Select,Hyundai,2011,290000.0,40000,Petrol
621,Chevrolet Tavera Neo,Chevrolet,2007,465000.0,100800,Diesel
622,Hyundai Elite i20,Hyundai,2018,510000.0,2100,Petrol
623,Honda City VX,Honda,2016,860000.0,95000,Petrol
624,Maruti Suzuki Dzire,Maruti,2016,450000.0,2500,Diesel
625,Hyundai Getz,Hyundai,2006,125000.0,80000,Petrol
626,Mercedes Benz C,Mercedes,2006,500001.0,15000,Petrol
627,Maruti Suzuki Alto,Maruti,2005,95000.0,65000,Petrol
628,Skoda Fabia,Skoda,2009,110000.0,45000,Petrol
629,Maruti Suzuki Ritz,Maruti,2011,270000.0,50000,Petrol
630,Tata Indica V2,Tata,2009,110000.0,30000,Diesel
631,Tata Zest XM,Tata,2018,260000.0,27000,Diesel
632,Mahindra Quanto C8,Mahindra,2013,390000.0,40000,Diesel
